firm;year;report_size;report_words;is_gri;page_number;key_word_clean;key_word;satz
Bayer AG2009_SR;2009;126;60333;1;2;bericht aktualisier;bericht.*aktualisier; die anliegen unserer stakehol-der bilden die grundlage unserer berichterstattung und unserer nachhaltigkeitsstrategie, die wir 2009 aktualisiert haben
Bayer AG2009_SR;2009;126;60333;1;2;vorjahr bericht;vorjahr.*bericht; aktuelle informationen zu dem im vorjahresbericht gewählten schwerpunktka-pitel wasser fi nden sie im kapitel „ökologie“
Bayer AG2009_SR;2009;126;60333;1;3;bericht aktualisier;bericht.*aktualisier; die anliegen unserer stakehol-der bilden die grundlage unserer berichterstattung und unserer nachhaltigkeitsstrategie, die wir 2009 aktualisiert haben
Bayer AG2009_SR;2009;126;60333;1;3;vorjahr bericht;vorjahr.*bericht; aktuelle informationen zu dem im vorjahresbericht gewählten schwerpunktka-pitel wasser fi nden sie im kapitel „ökologie“
Bayer AG2009_SR;2009;126;60333;1;4;bereinig zahl;bereinig.*zahl; das ebitda, das um sondereinfl üsse bereinigte ebitda sowie die bereinigte ebitda-marge stellen kennzahlen dar, die nach den internationalen rechnungslegungsvorschriften nicht defi niert sind
Bayer AG2009_SR;2009;126;60333;1;4;bereinig wert;bereinig.*wert; das unternehmen geht davon aus, dass das bereinigte ebitda eine geeignetere kennzahl für die beurteilung der operativen geschäftstätigkeit darstellt, da es weder durch abschreibungen auf immaterielle vermögenswerte und sachanlagen noch durch sondereinfl üsse belastet ist
Bayer AG2009_SR;2009;126;60333;1;4;bereinig zahl;bereinig.*zahl;4  das bereinigte ergebnis je aktie stellt eine kennzahl dar, die nach den internationalen rechnungslegungsvorschriften nicht defi niert ist
Bayer AG2009_SR;2009;126;60333;1;4;korrektur zahl;korrektur.*zahl; die position veränderung der pensionsrückstellungen umfasst sowohl die korrektur nicht zahlungswirksamer effekte im operativen ergebnis als auch auszahlungen aufgrund unserer pensionsverpfl ichtungen
Bayer AG2009_SR;2009;126;60333;1;5;bereinig zahl;bereinig.*zahl; das ebitda, das um sondereinfl üsse bereinigte ebitda sowie die bereinigte ebitda-marge stellen kennzahlen dar, die nach den internationalen rechnungslegungsvorschriften nicht defi niert sind
Bayer AG2009_SR;2009;126;60333;1;5;bereinig wert;bereinig.*wert; das unternehmen geht davon aus, dass das bereinigte ebitda eine geeignetere kennzahl für die beurteilung der operativen geschäftstätigkeit darstellt, da es weder durch abschreibungen auf immaterielle vermögenswerte und sachanlagen noch durch sondereinfl üsse belastet ist
Bayer AG2009_SR;2009;126;60333;1;5;bereinig zahl;bereinig.*zahl;4  das bereinigte ergebnis je aktie stellt eine kennzahl dar, die nach den internationalen rechnungslegungsvorschriften nicht defi niert ist
Bayer AG2009_SR;2009;126;60333;1;5;korrektur zahl;korrektur.*zahl; die position veränderung der pensionsrückstellungen umfasst sowohl die korrektur nicht zahlungswirksamer effekte im operativen ergebnis als auch auszahlungen aufgrund unserer pensionsverpfl ichtungen
Bayer AG2009_SR;2009;126;60333;1;17;bereinig wert;bereinig.*wert; mit einem um sondereinfl üsse bereinigten ebitda von 6,5 milliarden euro erzielten wir den dritthöchsten wert der unternehmensgeschichte
Bayer AG2009_SR;2009;126;60333;1;20;vorjahr wert;vorjahr.*wert;der bayer-konzern 2009 in zahlen (vorjahreswerte in klammern)
Bayer AG2009_SR;2009;126;60333;1;56;standard aktualisier;standard.*aktualisier; zur erfüllung dieses ziels hat bayer in allen teilkonzernen und servicegesellschaften entsprechende hseq-managementsysteme eingerichtet, die sich an internationalen standards orientieren und regel-mäßig überprüft und aktualisiert werden
Bayer AG2009_SR;2009;126;60333;1;58;wert vorjahr;wert.*vorjahr; allerdings lag der wert 6,6 prozent unter dem des vorjahres
Bayer AG2009_SR;2009;126;60333;1;58;zahl bereinig;zahl.*bereinig; bayer hat eine unveränderte dividende von 1,40 euro je aktie gezahlt, was einer ausschüttungsquote von 38,5 prozent des bereinigten ergebnisses je aktie entspricht
Bayer AG2009_SR;2009;126;60333;1;59;vorjahr wert;vorjahr.*wert; vorjahreswerte 2005–2008 wie zuletzt berichtet
Bayer AG2009_SR;2009;126;60333;1;60;vorjahr wert;vorjahr.*wert;  vorjahreswerte 2005–2008 wie zuletzt berichtet
Bayer AG2009_SR;2009;126;60333;1;63;vorjahr wert;vorjahr.*wert; vorjahreswerte 2005 bis 2008 wie zuletzt berichtet
Bayer AG2009_SR;2009;126;60333;1;67;wert aktualisier;wert.*aktualisier; in regelmäßigen konferenzen zur geschäftsentwicklung werden die chancen und risiken, die in den strategien der strategischen geschäftseinheiten und der regionen qualitativ und quantitativ bewertet werden, aktualisiert und ziele sowie steuerungsmaßnahmen vereinbart
Bayer AG2009_SR;2009;126;60333;1;67;wert aktualisier;wert.*aktualisier; die inhaltlichen kriterien zur risikoerfassung und -bewertung sind in einer verfahrensanleitung (bayrisk instruction) geregelt und wurden ebenfalls aktualisiert
Bayer AG2009_SR;2009;126;60333;1;68;vorjahr wert;vorjahr.*wert; auch die aktivitäten in den bereichen korruptionsbekämpfung und „corporate governance“ wurden mit einer gegenüber dem vorjahr verbesserten bewertung honoriert
Bayer AG2009_SR;2009;126;60333;1;73;vorjahr daten;vorjahr.*daten; geringfügige veränderungen der ergebnisse gegenüber den vorjahren ergeben sich aus einer größeren genauigkeit der datenerhebung sowie einem personalaufbau in ländern, in denen andere standards für die soziale absicherung von arbeitnehmern üblich sind
Bayer AG2009_SR;2009;126;60333;1;79;vorjahr zahl;vorjahr.*zahl; der rückgang gegenüber dem vorjahr ergibt sich hauptsächlich aus einer geringeren anzahl von auszubildenden beim ausbildungsprovider in der servicegesellschaft currenta
Bayer AG2009_SR;2009;126;60333;1;81;bericht vorjahr;bericht.*vorjahr; auch die quote der gemäß konzernvorgaben berichtspfl ichtigen unfälle ging im vergleich zum vorjahr von 3,6 auf 3,1 zurück
Bayer AG2009_SR;2009;126;60333;1;97;daten korrigier;daten.*korrigier; gemäß dem ghg protocol wurden die daten der vorjahre entsprechend korrigiert
Bayer AG2009_SR;2009;126;60333;1;97;daten angepasst;daten.*angepasst; die daten der vorjahre wurden entsprechend angepasst
Bayer AG2009_SR;2009;126;60333;1;102;vorjahr bericht;vorjahr.*bericht; verrohrungen) infolge der explosion und des brandes im vorjahr anfi elen (siehe nachhaltigkeitsbericht 2008)
Bayer AG2009_SR;2009;126;60333;1;111;aktualisier wert;aktualisier.*wert; die informationen werden fortlaufend von experten aktualisiert und bewertet
Bayer AG2009_SR;2009;126;60333;1;122;bereinig zahl;bereinig.*zahl; das ebitda, das um sondereinfl üsse bereinigte ebitda sowie die bereinigte ebitda-marge stellen kennzahlen dar, die nach den internationalen rechnungslegungsvorschriften nicht defi niert sind
Bayer AG2009_SR;2009;126;60333;1;122;bereinig wert;bereinig.*wert; das unternehmen geht davon aus, dass das bereinigte ebitda eine geeignetere kennzahl für die beurteilung der operativen geschäftstätigkeit darstellt, da es weder durch abschreibungen auf immaterielle vermögenswerte und sachanlagen noch durch sondereinfl üsse belastet ist
Bayer AG2009_SR;2009;126;60333;1;122;bereinig zahl;bereinig.*zahl;4  das bereinigte ergebnis je aktie stellt eine kennzahl dar, die nach den internationalen rechnungslegungsvorschriften nicht defi niert ist
Bayer AG2009_SR;2009;126;60333;1;122;korrektur zahl;korrektur.*zahl; die position veränderung der pensionsrückstellungen umfasst sowohl die korrektur nicht zahlungswirksamer effekte im operativen ergebnis als auch auszahlungen aufgrund unserer pensionsverpfl ichtungen
Bayer AG2009_SR;2009;126;60333;1;123;bereinig zahl;bereinig.*zahl; das ebitda, das um sondereinfl üsse bereinigte ebitda sowie die bereinigte ebitda-marge stellen kennzahlen dar, die nach den internationalen rechnungslegungsvorschriften nicht defi niert sind
Bayer AG2009_SR;2009;126;60333;1;123;bereinig wert;bereinig.*wert; das unternehmen geht davon aus, dass das bereinigte ebitda eine geeignetere kennzahl für die beurteilung der operativen geschäftstätigkeit darstellt, da es weder durch abschreibungen auf immaterielle vermögenswerte und sachanlagen noch durch sondereinfl üsse belastet ist
Bayer AG2009_SR;2009;126;60333;1;123;bereinig zahl;bereinig.*zahl;4  das bereinigte ergebnis je aktie stellt eine kennzahl dar, die nach den internationalen rechnungslegungsvorschriften nicht defi niert ist
Bayer AG2009_SR;2009;126;60333;1;123;korrektur zahl;korrektur.*zahl; die position veränderung der pensionsrückstellungen umfasst sowohl die korrektur nicht zahlungswirksamer effekte im operativen ergebnis als auch auszahlungen aufgrund unserer pensionsverpfl ichtungen
Bayer AG2009_SR;2009;126;60333;1;124;bericht aktualisier;bericht.*aktualisier; die anliegen unserer stakehol-der bilden die grundlage unserer berichterstattung und unserer nachhaltigkeitsstrategie, die wir 2009 aktualisiert haben
Bayer AG2009_SR;2009;126;60333;1;124;vorjahr bericht;vorjahr.*bericht; aktuelle informationen zu dem im vorjahresbericht gewählten schwerpunktka-pitel wasser fi nden sie im kapitel „ökologie“
Bayer AG2009_SR;2009;126;60333;1;125;bericht aktualisier;bericht.*aktualisier; die anliegen unserer stakehol-der bilden die grundlage unserer berichterstattung und unserer nachhaltigkeitsstrategie, die wir 2009 aktualisiert haben
Bayer AG2009_SR;2009;126;60333;1;125;vorjahr bericht;vorjahr.*bericht; aktuelle informationen zu dem im vorjahresbericht gewählten schwerpunktka-pitel wasser fi nden sie im kapitel „ökologie“
BMW AG2008_SR;2008;117;54345;1;25;vorjahr wert;vorjahr.*wert; auch modellzyklusbedingte effekte trugen dazu bei, dass der automobilabsatz der bmw group im jahr #""$ unter dem vorjahreswert blieb
BMW AG2008_SR;2008;117;54345;1;25;vorjahr wert;vorjahr.*wert;$) verkauften bmw motorrädern (– ",$ 5) nahezu an die guten vorjahreswerte anschließen
BMW AG2008_SR;2008;117;54345;1;25;vorjahr wert;vorjahr.*wert; euro um #$,' 5 unter dem vorjahreswert
BMW AG2008_SR;2008;117;54345;1;26;zahl vorjahr;zahl.*vorjahr; zum ende #""$ hat sich die zahl der festangestell-ten mitarbeiter durch natürliche mitarbeiterfluktuation und ein abfindungsprogramm im vergleich zum vorjahr um ins gesamt %
BMW AG2008_SR;2008;117;54345;1;26;wert vorjahr;wert.*vorjahr; die brutto-wertschöpfung, die nicht durch die im vorjahresvergleich höheren abschrei-bungen belastet ist, verringerte sich um !",
BMW AG2008_SR;2008;117;54345;1;63;zahl vorjahr;zahl.*vorjahr; im jahr #""$ ist die zahl der eingereichten vorschläge ge-genüber dem vorjahr zwar deutlich gesunken, dennoch wurden 
BMW AG2008_SR;2008;117;54345;1;86;aktualisier daten;aktualisier.*daten;weitere informationen und ständig aktualisierte daten zu den fahrzeugen erhalten  sie im internet unter den adressen www
BMW AG2008_SR;2008;117;54345;1;92;korrektur wert;korrektur.*wert; aus diesem grund wurde eine korrektur des werts von !""# vorgenommen
BMW AG2008_SR;2008;117;54345;1;93;korrektur wert;korrektur.*wert;   korrektur des werts #""% wurde vorgenommen
BMW AG2008_SR;2008;117;54345;1;99;aktualisier daten;aktualisier.*daten; für #""$ wurden zudem aktualisierte verbrauchsfaktoren der fahrzeuge angewendet und daten des werks leipzig nicht mit einberechnet
BMW AG2008_SR;2008;117;54345;1;109;method vorjahr;method.*vorjahr;11 veränderungen bei umfang, berichtsgrenzen oder messmethoden im vergleich zu vorjahren  umschlag vorne 3
Deutsche Post AG2010_SR;2010;257;74018;1;8;scope angepasst;scope.*angepasst;1 wie ursprünglich berichtet2 scope 3 wurde im zuge methodischer verbesserungen angepasst
Deutsche Post AG2010_SR;2010;257;74018;1;65;anpass bericht;anpass.*bericht; darüber hinaus fügt die anpassung unseres berichtswesens an das eu-ets 
Deutsche Post AG2010_SR;2010;257;74018;1;66;scope angepasst;scope.*angepasst;2 scope 3 wurde gemäß methodischen verbesserungen angepasst
Deutsche Post AG2010_SR;2010;257;74018;1;68;korrektur wert;korrektur.*wert;der korrektur dieser fehler liegt der co2-effizienz-indexwert des unternehmensbereichs express für das jahr 
Deutsche Post AG2010_SR;2010;257;74018;1;68;angepasst;^\d+\W*angepasst;2 angepasst
Deutsche Post AG2010_SR;2010;257;74018;1;76;daten angepasst;daten.*angepasst; 2008 und 2009-daten angepasst
Deutsche Post AG2010_SR;2010;257;74018;1;120;zahl vorjahr;zahl.*vorjahr;diegesamtzahldervollzeitkräfteistgegenüberdemvorjahrum1,4%leicht
Deutsche Post AG2010_SR;2010;257;74018;1;131;angepasst;^\d+\W*angepasst;2 angepasst nach systemwechsel 2009
Deutsche Post AG2010_SR;2010;257;74018;1;209;aktualisier wert;aktualisier.*wert;2011 gemäß der aktualisierten konzernweiten investitionsrichtlinie müssen alle größeren investitionen im vergleich zu den zu ersetzenden anlagen über den investitionszeitraum hinweg eine höhere co2-effizienz aufweisen oder einen anderen ökologischen mehrwert besitzen
Deutsche Post AG2010_SR;2010;257;74018;1;218;wert aktualisier;wert.*aktualisier;oekom research corporate rating bewertung „c“ („not prime“) alle zwei jahre letzte aktualisierung 2009, durchschnittliches branchenrating „c“
Deutsche Post AG2010_SR;2010;257;74018;1;221;anpass daten;anpass.*daten;vollständig anpassungen der daten aus dem bericht 2009/10 finden sie in den erläuterungen bzw
Deutsche Post AG2010_SR;2010;257;74018;1;246;aktualisier bericht;aktualisier.*bericht;ausweitung des prüfungsgegenstandes auf zukünftige  aktualisierungen des cr-berichts
Deutsche Post AG2010_SR;2010;257;74018;1;246;bericht aktualisier;bericht.*aktualisier;veröffentlichung des nächsten cr berichts 2011 zu aktualisieren
Deutsche Post AG2010_SR;2010;257;74018;1;246;bericht aktualisier;bericht.*aktualisier;die bis zur veröffentlichung des cr-berichtes 2011 gemachten aktualisierungen der diesem auftrag 
E.ON AG2011_SR;2011;138;24731;1;31;bericht aktualisier;bericht.*aktualisier; sie haben bis zur veröffentlichung des nächsten nachhaltigkeitsberichts bestand und werden im laufe des jahres nicht aktualisiert
E.ON AG2011_SR;2011;138;24731;1;31;bericht aktualisier;bericht.*aktualisier;um auf entwicklungen im berichtszeitraum flexibel reagieren zu können, nutzen wir bewusst die möglichkeiten des internets und aktualisieren kontinuierlich die inhalte des kapitels regionale aktivitäten
E.ON AG2011_SR;2011;138;24731;1;31;aktualisier bericht;aktualisier.*bericht;kontinuierliche aktualisierung der berichterstattung im internet 
E.ON AG2011_SR;2011;138;24731;1;67;angepasst wert;angepasst.*wert;inclusive business: geschäftsmodell, das bevölkerungsschichten mit wenig marktteilhabe und geringem einkommen (stichwort "base of the pyramid") mit hilfe von angepassten produkten in die wertschöpfungsketten von unternehmen einbezieht
E.ON AG2011_SR;2011;138;24731;1;87;anpass wert;anpass.*wert; immer bedeutsamer wird ein effizientes integriertes umweltmanagement auch vor dem hintergrund zunehmender regulierung im umweltbereich, beispielsweise durch die neue eu-wasserrahmenrichtlinie für einen verschärften gewässerschutz und die anpassung der eu-industrie-emissionsrichtlinie für niedrigere grenzwerte von luftemissionen für großfeuerungsanlagen
E.ON AG2011_SR;2011;138;24731;1;115;vorjahr wert;vorjahr.*wert; auch in absoluten zahlen lag er 2011 um gut 50 kilotonnen über dem vorjahreswert
E.ON AG2011_SR;2011;138;24731;1;125;zahl vorjahr;zahl.*vorjahr; die absolute zahl der schwerbehinderten ist 2011 im vergleich zum vorjahr erneut um mehr als 100 mitarbeiter gestiegen
E.ON AG2011_SR;2011;138;24731;1;126;zahl vorjahr;zahl.*vorjahr; die ausbildungsquote, die den anteil der auszubildenden an der gesamtzahl der mitarbeiter angibt, liegt in deutschland wie im vorjahr bei rund 7 prozent
Evonik Industries AG2011_SR;2011;121;34093;1;15;wert anpass;wert.*anpass; weil sich durch die globalisierung märkte, ansprüche und erwartungen verän-dern, ein wertewandel stattfindet und unter-nehmenserfolg nur durch anpassung an ver-änderungen sowie antizipation zukünftiger entwicklungen zu erreichen ist
Evonik Industries AG2011_SR;2011;121;34093;1;27;method anpass;method.*anpass; die antwort: unterrichtsmethoden und -materialien müssen sich anpassen an eine von playstation und iphone geprägte zeit
Evonik Industries AG2011_SR;2011;121;34093;1;38;aktualisier daten;aktualisier.*daten; der ecf soll nun mit aktualisierten daten kontinuierlich fortgeschrieben werden
Evonik Industries AG2011_SR;2011;121;34093;1;40;vorjahr bericht;vorjahr.*bericht; bei diesen firmen zeigte unsere befragung im vorjahr aufgrund berichteter mängel oder wegen fehlender oder wider-sprüchlicher angaben klärungsbedarf auf, der zum beispiel in china zur durchführung von cr-audits vor ort führte
Evonik Industries AG2011_SR;2011;121;34093;1;42;anpass;^\d+\W*anpass;2012 anpassung an neue strategie in arbeit
Evonik Industries AG2011_SR;2011;121;34093;1;55;wert angepasst;wert.*angepasst;werte für 2009 an die umgliederung des früheren geschäftsfelds energie in die nicht fortgeführten aktivitäten angepasst,  für 2008 und 2007 wie berichtet
Evonik Industries AG2011_SR;2011;121;34093;1;56;vorjahr wert;vorjahr.*wert; an den staat wurden 11 prozent (vorjahr: 5 prozent) der wertschöpfung als ertrag- und sonstige steuern abgeführt
Evonik Industries AG2011_SR;2011;121;34093;1;56;vorjahr wert;vorjahr.*wert; weitere 9 prozent (vorjahr: 11 prozent) der wertschöpfung betrafen zinsaufwendungen
Evonik Industries AG2011_SR;2011;121;34093;1;56;wert vorjahr;wert.*vorjahr; der anteil der anteilseigner der  evonik industries ag an der wertschöpfung betrug 22 prozent nach 18 prozent im vorjahr
Evonik Industries AG2011_SR;2011;121;34093;1;56;bericht vorjahr;bericht.*vorjahr; die sachinvestitionen steigerten wir im berichtsjahr um 27 prozent auf 830 millionen € (vorjahr: 652 millionen €)
Evonik Industries AG2011_SR;2011;121;34093;1;64;anpass daten;anpass.*daten; hierzu gehörten unter anderem anpassungen bei der einstufung, der kennzeichnung sowie bei den sicherheitsdatenblättern und den etiketten
Evonik Industries AG2011_SR;2011;121;34093;1;65;wert angepasst;wert.*angepasst; im zuge dieser entwicklungen richtete sich auch die personalarbeit bei  evonik neu aus: einheit-liche bewertungs- und vergütungssysteme, eine einheitliche tariflandschaft und ein an die neuen erfordernisse angepasstes kompetenzmodell im jahr 2011 zeugen davon
Evonik Industries AG2011_SR;2011;121;34093;1;77;bericht vorjahr;bericht.*vorjahr; im berichtszeitraum 2011 wurden in unserem kerngeschäft spezialchemie 18 berufskrankheiten anerkannt (vorjahr: 11)
Evonik Industries AG2011_SR;2011;121;34093;1;81;bericht vorjahr;bericht.*vorjahr;umweltschutzkostenfür die verbesserung des umweltschutzes investierten wir im berichtsjahr rund 48 millionen € (vorjahr: 36 millionen €)
Evonik Industries AG2011_SR;2011;121;34093;1;83;wert angepasst;wert.*angepasst;vorjahreswerte angepasst
Evonik Industries AG2011_SR;2011;121;34093;1;85;wert angepasst;wert.*angepasst;vorjahreswerte angepasst
Evonik Industries AG2011_SR;2011;121;34093;1;86;wert angepasst;wert.*angepasst;vorjahreswerte angepasst
Evonik Industries AG2011_SR;2011;121;34093;1;87;wert angepasst;wert.*angepasst;vorjahreswerte angepasst
Evonik Industries AG2011_SR;2011;121;34093;1;88;wert angepasst;wert.*angepasst;vorjahreswerte angepasst
Evonik Industries AG2011_SR;2011;121;34093;1;88;wert vorjahr;wert.*vorjahr;die verwertungsquote lag 2011 bei 57 prozent (vorjahr: 64 prozent)
Evonik Industries AG2011_SR;2011;121;34093;1;89;wert angepasst;wert.*angepasst;vorjahreswerte angepasst
Evonik Industries AG2011_SR;2011;121;34093;1;90;wert angepasst;wert.*angepasst;vorjahreswerte angepasst
Evonik Industries AG2011_SR;2011;121;34093;1;90;wert angepasst;wert.*angepasst;vorjahreswerte angepasst
Evonik Industries AG2011_SR;2011;121;34093;1;111;vorjahr bericht;vorjahr.*bericht;vorgehensweiseim jahr 2011 wurde die im vorjahr begonnene systematische analyse bezüglich der für  evonik wesentlichen themen zum verantwortlichen handeln sowie eine stakeholder-befragung durch-geführt, deren ergebnisse in diesen bericht eingeflossen sind
Evonik Industries AG2011_SR;2011;121;34093;1;112;anpass zahl;anpass.*zahl; es erfolgt keine anpassung der vorjahreszahlen aufgrund von portfolioänderungen
Fraport AG FFM Airport2012_SR;2012;251;92901;1;28;wert angepasst;wert.*angepasst; dezember gemäß global reportinginitiative (gri), vorjahreswert angepasst
Fraport AG FFM Airport2012_SR;2012;251;92901;1;48;wert angepasst;wert.*angepasst; wert angepasst
Fraport AG FFM Airport2012_SR;2012;251;92901;1;49;wert angepasst;wert.*angepasst; wert angepasst
Fraport AG FFM Airport2012_SR;2012;251;92901;1;63;wert vorjahr;wert.*vorjahr; insgesamt konnten wir unsere hohen werte aus dem vorjahr 2012 noch mal verbessern
Fraport AG FFM Airport2012_SR;2012;251;92901;1;63;vorjahr wert;vorjahr.*wert; auch in den meistenteilbereichen, wie „airside duty management“, „sicherheitsleitstelle“, „zugangskontrollen“ und „zentraleannahmestelle für störungen“, wurde der service besser als im vorjahr bewertet
Fraport AG FFM Airport2012_SR;2012;251;92901;1;63;zahl vorjahr;zahl.*vorjahr; die meisten derrelevanten qualitätskennzahlen konnten wir im vorjahresvergleich verbessern
Fraport AG FFM Airport2012_SR;2012;251;92901;1;68;wert angepasst;wert.*angepasst;ab 2012 anteilsmäßige berücksichtigung von gemeinschaftsunternehmen analog konsolidierungvon finanz- und personalzahlen, vorjahreswerte nicht angepasst
Fraport AG FFM Airport2012_SR;2012;251;92901;1;125;aktualisier daten;aktualisier.*daten; diemessergebnisse werden alle 0,5 bis 1 sekunde aktualisiert und in einer datenbank dokumentiert
Fraport AG FFM Airport2012_SR;2012;251;92901;1;133;wert angepasst;wert.*angepasst; wert 2009 angepasst
Fraport AG FFM Airport2012_SR;2012;251;92901;1;137;wert angepasst;wert.*angepasst; wert 2009 angepasst
Fraport AG FFM Airport2012_SR;2012;251;92901;1;139;wert angepasst;wert.*angepasst;ab 2012  anteilsmäßige  berücksichtigung  von gemeinschaftsunternehmen  analog  konsolidierung  von finanz-  undpersonalzahlen,  vorjahreswerte  nicht angepasst
Fraport AG FFM Airport2012_SR;2012;251;92901;1;140;wert angepasst;wert.*angepasst;ab 2012 anteilsmäßige berücksichtigung von gemeinschaftsunternehmen analog konsolidierung von finanz- undpersonalzahlen, vorjahreswerte nicht angepasst
Fraport AG FFM Airport2012_SR;2012;251;92901;1;141;wert angepasst;wert.*angepasst;ab 2012 anteilsmäßige berücksichtigung von gemeinschaftsunternehmen analog konsolidierung von finanz- undpersonalzahlen, vorjahreswerte nicht angepasst
Fraport AG FFM Airport2012_SR;2012;251;92901;1;143;wert angepasst;wert.*angepasst;ab 2012 anteilsmäßige berücksichtigung von gemeinschaftsunternehmen analog konsolidierung von finanz- undpersonalzahlen, vorjahreswerte nicht angepasst
Fraport AG FFM Airport2012_SR;2012;251;92901;1;144;aktualisier;^\Waktualisier; aktualisierung für 2011 nach untersuchungen im jahr 2005 sind die emissionen sonstiger treibhausgase am flughafen verschwindendgering
Fraport AG FFM Airport2012_SR;2012;251;92901;1;144;aktualisier daten;aktualisier.*daten; eine jährliche aktualisierung ist noch nicht möglich, da die datenermittlungsehr aufwendig ist
Fraport AG FFM Airport2012_SR;2012;251;92901;1;144;wert angepasst;wert.*angepasst;ab 2012 anteilsmäßige berücksichtigung von gemeinschaftsunternehmen analog konsolidierung von finanz- undpersonalzahlen, vorjahreswerte nicht angepasst
Fraport AG FFM Airport2012_SR;2012;251;92901;1;145;wert angepasst;wert.*angepasst;ab 2012 anteilsmäßige berücksichtigung von gemeinschaftsunternehmen analog konsolidierung von finanz- undpersonalzahlen, vorjahreswerte nicht angepasst
Fraport AG FFM Airport2012_SR;2012;251;92901;1;145;korrektur bericht;korrektur.*bericht; korrektur gegenüber nachhaltigkeitsbericht 2010 nach kreislaufwirtschafts- und abfallgesetz, anhang ii b r 01, r 03, r 04, r 05, r 07, r 09, r 12, r 13 sowiefreiwillige rücknahmen (für batterien, lösemittel, kaltreiniger, kältemittel)
Fraport AG FFM Airport2012_SR;2012;251;92901;1;146;wert korrigier;wert.*korrigier; bimschv: 40 μg/m3 werte aus dem jahr 2010 korrigiert gegenüber nachhaltigkeitsbericht 2010
Fraport AG FFM Airport2012_SR;2012;251;92901;1;147;wert angepasst;wert.*angepasst; ab 2012 anteilsmäßige berücksichtigung von gemeinschaftsunternehmen analog konsolidierung von finanz- undpersonalzahlen, vorjahreswerte nicht angepasst
Fraport AG FFM Airport2012_SR;2012;251;92901;1;148;wert korrigier;wert.*korrigier; werte 2009 bis 2011 korrigiert
Fraport AG FFM Airport2012_SR;2012;251;92901;1;149;wert aktualisier;wert.*aktualisier; wert für 2011 aus technischen gründen aktualisiert
Fraport AG FFM Airport2012_SR;2012;251;92901;1;152;anpass daten;anpass.*daten; anpassung  der berichtsdaten  2009  an  umstrukturierungsmaßnahmen
Fraport AG FFM Airport2012_SR;2012;251;92901;1;152;wert angepasst;wert.*angepasst; vorjahreswerte  (2010  und 2011)  angepasst
Fraport AG FFM Airport2012_SR;2012;251;92901;1;152;wert angepasst;wert.*angepasst; wert 2010  angepasst
Fraport AG FFM Airport2012_SR;2012;251;92901;1;155;wert angepasst;wert.*angepasst; wert 2009 angepasst
Fraport AG FFM Airport2012_SR;2012;251;92901;1;155;wert angepasst;wert.*angepasst; wert 2010 angepasst
Fraport AG FFM Airport2012_SR;2012;251;92901;1;156;wert angepasst;wert.*angepasst; wert 2009 angepasst
Fraport AG FFM Airport2012_SR;2012;251;92901;1;157;wert angepasst;wert.*angepasst; vorjahreswerte (2010 und 2011) angepasst
Fraport AG FFM Airport2012_SR;2012;251;92901;1;158;wert angepasst;wert.*angepasst; vorjahreswerte (2010 und 2011) angepasst
Fraport AG FFM Airport2012_SR;2012;251;92901;1;161;wert angepasst;wert.*angepasst; vorjahreswerte (2010 und 2011) angepasst
Fraport AG FFM Airport2012_SR;2012;251;92901;1;187;zahl angepasst;zahl.*angepasst;die  konzern-­personalkennzahlen  der  jahre  2010  und  2011  wurden  teilweise,  auf  grund  von  abweichungen  in  derkonsolidierung,  rückwirkend  angepasst  (siehe  “personal”)
Fraport AG FFM Airport2012_SR;2012;251;92901;1;212;daten angepasst;daten.*angepasst;  entsprechend  neuervorschriften  der  gefahrstoffverordnung  sowie  der  technischen  regeln  für  gefahrstoffe  (trgs),  wurden  die  bisherigengefährdungsanalysen  (gefahrstoff-­datenblätter)  überarbeitet  und  den  gesetzlichen  regelungen  angepasst
Henkel AG_Co.KGAA2013_SR;2013;55;19616;1;3;bereinig;^\d+\W*bereinig;1  bereinigt um einmalige aufwendungen und erträge sowie restrukturie-rungsaufwendungen
Henkel AG_Co.KGAA2013_SR;2013;55;19616;1;3;bericht korrigier;bericht.*korrigier;1  festgestellte oder berichtete abweichungen aus dem jahr 2012 haben wir    rückwirkend korrigiert
Henkel AG_Co.KGAA2013_SR;2013;55;19616;1;48;bericht korrigier;bericht.*korrigier;rückwirkend festgestellte oder berichtete abwei-chungen korrigieren wir in der aktuellen bericht-erstattung
Henkel AG_Co.KGAA2013_SR;2013;55;19616;1;51;zahl vorjahr;zahl.*vorjahr;die zahl der geförderten projekte liegt etwa auf vorjahresni-veau
Linde AG_SR_2014;2014;102;22122;1;5;zahl vorjahr;zahl.*vorjahr; größereveränderungen bei den kennzahlen im vergleich zu den vorjahren sind häufig auf diesen effektzurückzuführen
Linde AG_SR_2014;2014;102;22122;1;5;method angepasst;method.*angepasst; darüber hinaus wurden imberichtsjahr definition und berechnungsmethoden für einige indikatoren zum thema umweltschutzangepasst
Linde AG_SR_2014;2014;102;22122;1;7;bereinig;^\Wbereinig; bereinigt um die auswirkungen von wechselkursveränderungen, die einemumsatz von 346 mio
Linde AG_SR_2014;2014;102;22122;1;7;wert vorjahr;wert.*vorjahr; eur nicht ganz den wert des vorjahres(3,966 mrd
Linde AG_SR_2014;2014;102;22122;1;7;bereinig bericht;bereinig.*bericht; die um sondereinflüsse bereinigterendite auf das eingesetzte kapital (return on capital employed, roce) betrug im berichtsjahr9,5 prozent (vj
Linde AG_SR_2014;2014;102;22122;1;8;angepasst;^\d+\W*angepasst;1 angepasst um die effekte aus der erstmaligen retrospektiven anwendung neuer bzw
Linde AG_SR_2014;2014;102;22122;1;8;bereinig wert;bereinig.*wert;2 ebit bereinigt um abschreibungen auf immaterielle vermögenswerte und sachanlagen
Linde AG_SR_2014;2014;102;22122;1;13;zahl vorjahr;zahl.*vorjahr;anzahl schwerer transportereignisse um 7 prozent im vergleich zumvorjahr reduziert
Linde AG_SR_2014;2014;102;22122;1;13;standard angepasst;standard.*angepasst;sicherheitsstandards angepasst, um risiken durch ablenkung beimfahren zu reduzieren
Linde AG_SR_2014;2014;102;22122;1;34;zahl angepasst;zahl.*angepasst; finanz-, umwelt- und mitarbeiterkennzahlen wurden für das jahr 2012 um diesen effekt rückwirkendangepasst
Linde AG_SR_2014;2014;102;22122;1;34;zahl angepasst;zahl.*angepasst; außerdem wurden die kennzahlen zu mitarbeitern, gesundheitsschutz, arbeitssicherheit und umweltschutz rückwirkend für dasjahr 2012 um die effekte aus der akquisition des us-homecare unternehmens lincare angepasst
Linde AG_SR_2014;2014;102;22122;1;35;zahl angepasst;zahl.*angepasst; finanz-, umwelt- und mitarbeiterkennzahlen wurden für das jahr 2012 um diesen effekt rückwirkendangepasst
Linde AG_SR_2014;2014;102;22122;1;35;zahl angepasst;zahl.*angepasst; außerdem wurden die kennzahlen zu mitarbeitern, gesundheitsschutz, arbeitssicherheit und umweltschutz rückwirkend für dasjahr 2012 um die effekte aus der akquisition des us-homecare unternehmens lincare angepasst
Linde AG_SR_2014;2014;102;22122;1;36;zahl angepasst;zahl.*angepasst; finanz-, umwelt- und mitarbeiterkennzahlen wurden für das jahr 2012 um diesen effekt rückwirkendangepasst
Linde AG_SR_2014;2014;102;22122;1;36;zahl angepasst;zahl.*angepasst; außerdem wurden die kennzahlen zu mitarbeitern, gesundheitsschutz, arbeitssicherheit und umweltschutz rückwirkend für dasjahr 2012 um die effekte aus der akquisition des us-homecare unternehmens lincare angepasst
Linde AG_SR_2014;2014;102;22122;1;37;standard angepasst;standard.*angepasst; im jahr 2014 wurden unsere sicherheitsstandards unter anderemangepasst, um risiken durch ablenkung beim fahren zu senken
Linde AG_SR_2014;2014;102;22122;1;41;zahl angepasst;zahl.*angepasst; finanz-, umwelt- und mitarbeiterkennzahlen wurden für das jahr 2012 um diesen effekt rückwirkendangepasst
Linde AG_SR_2014;2014;102;22122;1;41;zahl angepasst;zahl.*angepasst; außerdem wurden die kennzahlen zu mitarbeitern, gesundheitsschutz, arbeitssicherheit und umweltschutz rückwirkend für dasjahr 2012 um die effekte aus der akquisition des us-homecare unternehmens lincare angepasst
Linde AG_SR_2014;2014;102;22122;1;42;bericht vorjahr;bericht.*vorjahr; naphtha und methanol) in die berichterstattung ist derverbrauch sonstiger energieträger ab 2011 höher als in den vorjahren
Linde AG_SR_2014;2014;102;22122;1;42;zahl angepasst;zahl.*angepasst; finanz-, umwelt- und mitarbeiterkennzahlen wurden für das jahr 2012 um diesen effekt rückwirkendangepasst
Linde AG_SR_2014;2014;102;22122;1;42;zahl angepasst;zahl.*angepasst; außerdem wurden die kennzahlen zu mitarbeitern, gesundheitsschutz, arbeitssicherheit und umweltschutz rückwirkend für dasjahr 2012 um die effekte aus der akquisition des us-homecare unternehmens lincare angepasst
Linde AG_SR_2014;2014;102;22122;1;44;zahl angepasst;zahl.*angepasst; finanz-, umwelt- und mitarbeiterkennzahlen wurden für das jahr 2012 um diesen effekt rückwirkendangepasst
Linde AG_SR_2014;2014;102;22122;1;44;zahl angepasst;zahl.*angepasst; außerdem wurden die kennzahlen zu mitarbeitern, gesundheitsschutz, arbeitssicherheit und umweltschutz rückwirkend für dasjahr 2012 um die effekte aus der akquisition des us-homecare unternehmens lincare angepasst
Linde AG_SR_2014;2014;102;22122;1;49;zahl angepasst;zahl.*angepasst; finanz-, umwelt- und mitarbeiterkennzahlen wurden für das jahr 2012 um diesen effekt rückwirkendangepasst
Linde AG_SR_2014;2014;102;22122;1;49;zahl angepasst;zahl.*angepasst; außerdem wurden die kennzahlen zu mitarbeitern, gesundheitsschutz, arbeitssicherheit und umweltschutz rückwirkend für dasjahr 2012 um die effekte aus der akquisition des us-homecare unternehmens lincare angepasst
Linde AG_SR_2014;2014;102;22122;1;51;zahl angepasst;zahl.*angepasst; finanz-, umwelt- und mitarbeiterkennzahlen wurden für das jahr 2012 um diesen effekt rückwirkendangepasst
Linde AG_SR_2014;2014;102;22122;1;51;zahl angepasst;zahl.*angepasst; außerdem wurden die kennzahlen zu mitarbeitern, gesundheitsschutz, arbeitssicherheit und umweltschutz rückwirkend für dasjahr 2012 um die effekte aus der akquisition des us-homecare unternehmens lincare angepasst
Linde AG_SR_2014;2014;102;22122;1;52;zahl angepasst;zahl.*angepasst; finanz-, umwelt- und mitarbeiterkennzahlen wurden für das jahr 2012 um diesen effekt rückwirkendangepasst
Linde AG_SR_2014;2014;102;22122;1;52;zahl angepasst;zahl.*angepasst; außerdem wurden die kennzahlen zu mitarbeitern, gesundheitsschutz, arbeitssicherheit und umweltschutz rückwirkend für dasjahr 2012 um die effekte aus der akquisition des us-homecare unternehmens lincare angepasst
Linde AG_SR_2014;2014;102;22122;1;56;zahl angepasst;zahl.*angepasst; finanz-, umwelt- und mitarbeiterkennzahlen wurden für das jahr 2012 um diesen effekt rückwirkendangepasst
Linde AG_SR_2014;2014;102;22122;1;56;zahl angepasst;zahl.*angepasst; außerdem wurden die kennzahlen zu mitarbeitern, gesundheitsschutz, arbeitssicherheit und umweltschutz rückwirkend für dasjahr 2012 um die effekte aus der akquisition des us-homecare unternehmens lincare angepasst
Linde AG_SR_2014;2014;102;22122;1;58;zahl angepasst;zahl.*angepasst; finanz-, umwelt- und mitarbeiterkennzahlen wurden für das jahr 2012 um diesen effekt rückwirkendangepasst
Linde AG_SR_2014;2014;102;22122;1;58;zahl angepasst;zahl.*angepasst; außerdem wurden die kennzahlen zu mitarbeitern, gesundheitsschutz, arbeitssicherheit und umweltschutz rückwirkend für dasjahr 2012 um die effekte aus der akquisition des us-homecare unternehmens lincare angepasst
Linde AG_SR_2014;2014;102;22122;1;61;zahl angepasst;zahl.*angepasst; finanz-, umwelt- und mitarbeiterkennzahlen wurden für das jahr 2012 um diesen effekt rückwirkendangepasst
Linde AG_SR_2014;2014;102;22122;1;61;zahl angepasst;zahl.*angepasst; außerdem wurden die kennzahlen zu mitarbeitern, gesundheitsschutz, arbeitssicherheit und umweltschutz rückwirkend für dasjahr 2012 um die effekte aus der akquisition des us-homecare unternehmens lincare angepasst
Linde AG_SR_2014;2014;102;22122;1;62;bericht vorjahr;bericht.*vorjahr; in deutschland waren im berichtsjahr rund 250 mitarbeiter über neue telearbeitsverträgebeschäftigt, die auf einer betriebsvereinbarung basieren, die im vorjahr verabschiedet wurde
Linde AG_SR_2014;2014;102;22122;1;62;zahl angepasst;zahl.*angepasst; finanz-, umwelt- und mitarbeiterkennzahlen wurden für das jahr 2012 um diesen effekt rückwirkendangepasst
Linde AG_SR_2014;2014;102;22122;1;62;zahl angepasst;zahl.*angepasst; außerdem wurden die kennzahlen zu mitarbeitern, gesundheitsschutz, arbeitssicherheit und umweltschutz rückwirkend für dasjahr 2012 um die effekte aus der akquisition des us-homecare unternehmens lincare angepasst
Linde AG_SR_2014;2014;102;22122;1;64;zahl angepasst;zahl.*angepasst; finanz-, umwelt- und mitarbeiterkennzahlen wurden für das jahr 2012 um diesen effekt rückwirkendangepasst
Linde AG_SR_2014;2014;102;22122;1;64;zahl angepasst;zahl.*angepasst; außerdem wurden die kennzahlen zu mitarbeitern, gesundheitsschutz, arbeitssicherheit und umweltschutz rückwirkend für dasjahr 2012 um die effekte aus der akquisition des us-homecare unternehmens lincare angepasst
Linde AG_SR_2014;2014;102;22122;1;66;zahl angepasst;zahl.*angepasst; finanz-, umwelt- und mitarbeiterkennzahlen wurden für das jahr 2012 um diesen effekt rückwirkendangepasst
Linde AG_SR_2014;2014;102;22122;1;66;zahl angepasst;zahl.*angepasst; außerdem wurden die kennzahlen zu mitarbeitern, gesundheitsschutz, arbeitssicherheit und umweltschutz rückwirkend für dasjahr 2012 um die effekte aus der akquisition des us-homecare unternehmens lincare angepasst
Linde AG_SR_2014;2014;102;22122;1;78;zahl angepasst;zahl.*angepasst; finanz-, umwelt- und mitarbeiterkennzahlen für das jahr 2012 wurden im jahr 2013 um diesen effekt rückwirkend angepasst
Linde AG_SR_2014;2014;102;22122;1;78;zahl angepasst;zahl.*angepasst; außerdem wurden diekennzahlen zu mitarbeitern, gesundheitsschutz, arbeitssicherheit und umweltschutz rückwirkend für das jahr 2012 um die effekte aus der akquisition des us-homecareunternehmens lincare angepasst
Linde AG_SR_2014;2014;102;22122;1;78;bereinig wert;bereinig.*wert;2 ebit bereinigt um abschreibungen auf immaterielle vermögenswerte und sachanlagen
Linde AG_SR_2014;2014;102;22122;1;78;bericht vorjahr;bericht.*vorjahr; naphtha und methanol) in die berichterstattung ist der verbrauch sonstiger energieträger ab 2011 höher als in den vorjahren
MAN SE_SR_2015;2015;68;20640;1;17;wert angepasst;wert.*angepasst; innerhalb des volkswagenkonzerns wurde das training als best practice bewertet und daraufhin ein auf die bedürfnisse von volkswagen angepasstes „manage responsibly“ entwickelt, das von allen marken genutzt werden kann
MAN SE_SR_2015;2015;68;20640;1;28;zahl vorjahr;zahl.*vorjahr; im inland sank die zahl der mitarbeiter im vergleich zum vorjahr um 589 auf 31 720
MAN SE_SR_2015;2015;68;20640;1;33;method anpass;method.*anpass; grund dafür sind methodische anpassungen in der 
MAN SE_SR_2015;2015;68;20640;1;34;vorjahr zahl;vorjahr.*zahl; im vergleich zum vorjahr waren 2015 aufgrund der absoluten reduktion der gesamtanzahl an führungskräften fünf führungspositionen weniger mit frauen besetzt
MAN SE_SR_2015;2015;68;20640;1;36;zahl vorjahr;zahl.*vorjahr; mit erfolg: 2015 ist die anzahl der arbeitsunfälle im vergleich zum vorjahr um 4 % gesunken
MAN SE_SR_2015;2015;68;20640;1;40;standard korrigier;standard.*korrigier; wenn zu vermuten ist, dass direkte lieferanten oder sublieferanten unsere nachhaltigkeitsanforderungen nicht erfüllen, bitten wir diese um eine schriftliche stellungnahme auf grundlage eines standardisierten berichts (sogenannter 6d-report): anhand von sechs zu beantwortenden punkten können sie den sachverhalt und korrigierende maßnahmen darstellen
MAN SE_SR_2015;2015;68;20640;1;41;daten angepasst;daten.*angepasst; auch 2015 konnten wir deren qualität weiter steigern, indem wir alt-daten überprüft und – wenn notwendig – angepasst haben
MAN SE_SR_2015;2015;68;20640;1;43;korrigier daten;korrigier.*daten; anpassungen der kennzahlen aufgrund von korrigierten altdaten
MAN SE_SR_2015;2015;68;20640;1;48;zahl vorjahr;zahl.*vorjahr;2015 sind die kennzahlen mit den vorjahreszahlen nicht vergleichbar
MAN SE_SR_2015;2015;68;20640;1;49;vorjahr anpass;vorjahr.*anpass; gegenüber dem vorjahr sind unsere investitionen in den umweltschutz in anpassung an die gesamtwirtschaftliche lage um 63 % geringer ausgefallen
MAN SE_SR_2015;2015;68;20640;1;61;zahl anpass;zahl.*anpass; – 6g4-la9 durchschnittliche stundenzahl für aus- und weiterbildung aufgrund einer anpassung der 
RWE AG_SR_2016;2016;79;30365;1;13;vorjahr;^\Wvorjahr;(vorjahr: 7,7 mrd
RWE AG_SR_2016;2016;79;30365;1;13;anpass wert;anpass.*wert;1  methodische änderungen bei der erfassung von handelsgeschäften haben zu anpassungen von vorjahreswerten geführt   siehe erläuterung im geschäfts­bericht 2016 auf seite 41
RWE AG_SR_2016;2016;79;30365;1;13;anpass wert;anpass.*wert;1  methodische änderungen bei der erfassung von handelsgeschäften haben zu anpassungen von vorjahreswerten geführt   siehe erläuterung im geschäfts­bericht 2016 auf seite 41
RWE AG_SR_2016;2016;79;30365;1;17;bericht angepasst;bericht.*angepasst;im rahmen der neubündelung großer teile unseres geschäfts haben wir unsere berichtsweise angepasst,  
RWE AG_SR_2016;2016;79;30365;1;17;bericht angepasst;bericht.*angepasst;im rahmen der neubündelung großer teile unseres geschäfts haben wir unsere berichtsweise angepasst,  
Telefonica DTLD HLDG AG_SR_2017;2017;108;36458;1;19;vorjahr zahl;vorjahr.*zahl; m2m) im vergleich zum vorjahr stabil gehalten werden (2016: 1,6 %), die wir gleichfalls als wichtige kenn- zahl für die kundenzufriedenheit erheben
Telefonica DTLD HLDG AG_SR_2017;2017;108;36458;1;64;bereinig wert;bereinig.*wert; zu vergleichszwecken wurde für das oibda bereinigt um sondereffekte ein vergleichswert für das geschäftsjahr 2016 berechnet, der die operate-lease-effekte aus dem verkauf der passiven infrastruktur der sendemasten von telefónica deutschland im april 2016 berücksichtigt, als sei dieser am 1
Telefonica DTLD HLDG AG_SR_2017;2017;108;36458;1;65;zahl bereinig;zahl.*bereinig;(in dieser kennzahl enthalten ist eine technische bereinigung der anschlüsse um 1,2 mio
Telefonica DTLD HLDG AG_SR_2017;2017;108;36458;1;65;daten angepasst;daten.*angepasst;lieferkette die daten 2016 zur lieferkette aus dem cr-report 2016 wurden der globalen berechnungsgrundlage angepasst
Telefonica DTLD HLDG AG_SR_2017;2017;108;36458;1;69;daten angepasst;daten.*angepasst;mitarbeiter, die nach beendigung der elternzeit an den arbeitsplatz zurückkehrtenangaben wurden im vergleich zum cr-report 2015 aufgrund veränderter datenerfassung und -definitionen geringfügig angepasst
Telefonica DTLD HLDG AG_SR_2017;2017;108;36458;1;71;method anpass;method.*anpass; die methodik der ermittlung der gebühren wird komplett umgestellt, sodass aufgrund von erforderlichen it-anpassungen bisher keine gebührenbescheide nach der neuen gebührenordnung versandt werden konnten
Telefonica DTLD HLDG AG_SR_2017;2017;108;36458;1;72;zahl vorjahr;zahl.*vorjahr;1 da papierhaltige abfälle bei der abholung nicht gewogen, sondern nur volumen und anzahl der abfallbehälter erfasst werden, erfolgte für 2017 eine konservativere schätzung der recyclingmenge als in den vorjahren
Telefonica DTLD HLDG AG_SR_2017;2017;108;36458;1;72;korrektur daten;korrektur.*daten;  eine korrektur der daten für 2016 ist aufgrund fehlender daten nicht möglich
Telefonica DTLD HLDG AG_SR_2017;2017;108;36458;1;74;wert vorjahr;wert.*vorjahr; mit der gesamtbewertung „gut“ konnte eine deutliche steigerung im vergleich zum vorjahr erreicht werden
Telefonica DTLD HLDG AG_SR_2017;2017;108;36458;1;79;anpass wert;anpass.*wert;ressourcenschutz —  verringerung des verbrauchs knapper ressourcen an den standorten und durch kunden von telefónica durch produktanpassung, recycling und wiederverwertung
Telefonica DTLD HLDG AG_SR_2017;2017;108;36458;1;87;wert angepasst;wert.*angepasst;1das ziel wurde auf basis einer relevanzbewertung für den zeitraum ab 2018 angepasst
Telefonica DTLD HLDG AG_SR_2017;2017;108;36458;1;88;daten anpass;daten.*anpass; in diesem zusammenhang erfolgt die umsetzung der datenschutzgrundverordnung sowie die anpassung der entsprechenden schulungen und informationsmaßnahmen
Volkswagen AG_SR_2018;2018;109;39834;1;10;wert angepasst;wert.*angepasst; vorjahreswerte angepasst
Volkswagen AG_SR_2018;2018;109;39834;1;76;zahl vorjahr;zahl.*vorjahr;die dargestellten kennzahlen führen jene der vorjahre fort
Volkswagen AG_SR_2018;2018;109;39834;1;83;bericht vorjahr;bericht.*vorjahr;entsprechend unserer umweltstrategie beziehen sich die abgebil-deten zeitreihen auf das basisjahr 2010 und zeigen den vergleich zum aktuellen berichtsjahr sowie zum vorjahr
Volkswagen AG_SR_2018;2018;109;39834;1;84;wert angepasst;wert.*angepasst;5  well-to-wheel, wert berichtsjahr 2017 rückwirkend angepasst mit laufleistung 200
